{"train_acc": 0.9206462711099652, "train_loss": 0.21558290328871302, "val_acc": 0.7511770363995343, "val_loss": 1.015898799720823, "_runtime": 1821, "_timestamp": 1617135553, "_step": 148}