{"train_acc": 0.7095697837437154, "train_loss": 1.231517074248587, "val_acc": 0.6178681719232522, "val_loss": 1.7279788114331789, "_runtime": 2496, "_timestamp": 1617127291, "_step": 204}