{"train_acc": 0.9372804402475183, "train_loss": 0.1717384174126117, "val_acc": 0.7585050372095378, "val_loss": 0.9436339018815971, "_runtime": 3606, "_timestamp": 1617132954, "_step": 299}