{"train_acc": 0.748744077929612, "train_loss": 0.9811591585687222, "val_acc": 0.6637936853473734, "val_loss": 1.4025166123895738, "_runtime": 1970, "_timestamp": 1617129283, "_step": 163}