{"train_acc": 0.899016614026041, "train_loss": 0.2858137558827284, "val_acc": 0.7588467574545639, "val_loss": 0.9787862977234998, "_runtime": 1836, "_timestamp": 1617137437, "_step": 148}