{"train_acc": 0.888809099845301, "train_loss": 0.32882103939039187, "val_acc": 0.7596483234614152, "val_loss": 0.9976521358767761, "_runtime": 1854, "_timestamp": 1617139362, "_step": 148}