{"train_acc": 0.9356669782132268, "train_loss": 0.1649831599975287, "val_acc": 0.7667189793955349, "val_loss": 1.2349673084995527, "_runtime": 5056, "_timestamp": 1617161207, "_step": 299}