{"train_acc": 0.8831780972025267, "train_loss": 0.33939205089518437, "val_acc": 0.7558514318500144, "val_loss": 0.92939586939062, "_runtime": 1447, "_timestamp": 1617141029, "_step": 159}