{"train_acc": 0.6946195774784066, "train_loss": 0.9664094902059229, "val_acc": 0.693649909718355, "val_loss": 0.9662143718411971, "_runtime": 428, "_timestamp": 1617116935, "_step": 34}