{"train_acc": 0.8497828574191053, "train_loss": 0.4470636766873117, "val_acc": 0.7576697210550296, "val_loss": 0.7879670292038973, "_runtime": 1436, "_timestamp": 1617117943, "_step": 118}