{"train_acc": 0.6210287885136007, "train_loss": 1.2483995483603016, "val_acc": 0.6326971430500008, "val_loss": 1.1983509691038492, "_runtime": 234, "_timestamp": 1617118229, "_step": 18}