{"train_acc": 0.9381032857419105, "train_loss": 0.169077971216113, "val_acc": 0.759416291196274, "val_loss": 0.95243902989683, "_runtime": 3588, "_timestamp": 1617121583, "_step": 299}