{"train_acc": 0.7099085822886442, "train_loss": 0.9227193672047336, "val_acc": 0.7432791163760687, "val_loss": 0.7889214419136362, "_runtime": 5755, "_timestamp": 1616685287, "_step": 499}