{"train_acc": 0.9343214193631558, "train_loss": 0.16705464585257418, "val_acc": 0.7704019642585936, "val_loss": 1.198925562071795, "_runtime": 6328, "_timestamp": 1617149809, "_step": 299}