{"train_acc": 0.7962071050719298, "train_loss": 0.622086267347035, "val_acc": 0.7007118262347197, "val_loss": 0.9724003106290311, "_runtime": 1088, "_timestamp": 1616669036, "_step": 39}