{"train_acc": 0.9049225699368313, "train_loss": 0.26494558899153964, "val_acc": 0.7591758213942186, "val_loss": 1.010673813787779, "_runtime": 2316, "_timestamp": 1617143435, "_step": 108}